,STATE,COUNTY,NAME,TOTPOP,URB890,URB25,NEGTOT,NEG1880,NEG1870,CHITOT,CHI1880,CHI1870,JAPTOT,JAP1880,JAP1870,INDTOT,IND1880,IND1870,NBMTOT,NBFTOT,FBMTOT,FBFTOT,NBWMNP,NBWFNP,NBWMFP,NBWFFP,FBWMTOT,FBWFTOT,COLMTOT,COLFTOT,MTOT,FTOT,NBWM520,NBWF520,FBWM520,FBWF520,COLM520,COLF520,NBWM1844,FBWM1844,COLM1844,NBWM21,FBWM21,COLM21,DWELL,FAMILIES,FARM09,FARM1019,FARM2049,FARM5099,FARM100,FARM500,FARM1000,FARMSIZE,FA09OW,FA1019OW,FA2049OW,FA5099OW,FA100OW,FA500OW,FA1000OW,FA09TE,FA1019TE,FA2049TE,FA5099TE,FA100TE,FA500TE,FA1000TE,FA09SC,FA1019SC,FA2049SC,FA5099SC,FA100SC,FA500SC,FA1000SC,FARMS,ACIMP,ACUNIMP,FARMVAL,EQUIPVAL,LIVSTOCK,FARMOUT,FARMFERT,BARLEYAC,BARLEY,BUCKWHAC,BUCKWHEA,CORNAC,CORN,OATSAC,OATS,RYEAC,RYE,WHEATAC,WHEAT,MFGESTAB,MFGCAP,MFGCAPLA,MFGCAPBU,MFGCAPEQ,MFGCAPCA,MFGMISCO,MFGAVEMP,MFGWAGES,MFGMOFF,MFGMOFWA,MFGFOFF,MFGFOFWA,MFGLBM16,MFGWGM16,MFGLBF15,MFGWGF15,MFGLBCH,MFGWGCH,MFGPWM16,PWWAGM16,MFGPWF15,PWWAGF15,MFGPWCH,PWWAGCH,MFGRMS,MFGOUT,CSWMTEA,CSWFTEA,CSCOMTEA,CSCOFTEA,CSWMPUP,CSWFPUP,CSCOMPUP,CSCOFPUP,PBAFRICA,PBASIA,PBATLISL,PBAUSTRA,PBAUSTRI,PBBELG,PBBOHEM,PBCANADA,PBCENTAM,PBCHINA,PBCUBAWI,PBDENMAR,PBENGLAN,PBEURNS,PBFRANCE,PBGERMAN,PBGREECE,PBHOLLAN,PBHUNGAR,PBINDIA,PBIRELAN,PBITALY,PBJAPAN,PBLUXEMB,PBMEXICO,PBNORWAY,PBNORDEN,PBPACIFI,PBPOLAND,PBPORTUG,PBRUSSIA,PBHAWAII,PBSCOT,PBSOAMER,PBSPAIN,PBSWEDEN,PBSWITZ,PBTURKEY,PBWALES,PBSEA,PBOTHFOR,FARMFAMS,FARMOWN,FARMFREE,FARMENCU,FARMRENT,FAOWN80,FARENT80,HOMEFAMS,HOMEOWN,HOMEFREE,HOMEENCU,HOMERENT,VALTOT,VALMTG,VALFAENC,VALFAMTG,VALHOENC,VALHOMTG,INTTOT,INTFARM,INTHOME,WMTOT,WFTOT,WHTOT,REGION1,REGION2,FIPS,LEVEL
42,4,10,BELKNAP              ,20321,6143,0,66,72,41,2,0,0,1,0,0,0,1,0,8643,8812,1375,1491,7735,7879,872,904,1371,1491,40,29,10018,10303,2302,2245,337,437,11,7,3448,787,20,5635,1003,26,4498,4956,58,69,254,507,800,23,7,118,49,62,234,459,747,23,7,4,3,11,15,19,0,0,5,4,9,33,34,0,0,1718,132727,70369,4099530,228590,621610,694960,11548,270,6075,42,503,1430,57474,1208,34781,52,587,241,3852,187,2803975,201389,339936,873750,1388900,276901,3464,1392939,191,149716,24,11471,1367,637142,453,133017,38,6940,409,178769,968,274998,14,886,2196895,4280680,19,153,0,0,1612,1419,0,0,NA,NA,NA,NA,0,NA,NA,2275,NA,NA,NA,NA,204,NA,3,12,NA,NA,NA,NA,285,7,NA,NA,NA,1,NA,NA,NA,NA,3,NA,47,NA,NA,16,NA,NA,0,NA,13,1718,1550,1247,303,168,1799,145,3238,1471,1098,373,1767,1457946,475193,532577,173073,925369,302120,28277,10377,17900,9978,10274,20252,1,1,33001,1
43,4,30,CARROLL              ,18124,0,0,15,12,13,0,0,0,0,0,0,1,5,3,8522,8386,778,438,8113,7965,399,416,777,438,11,5,9300,8824,2312,2391,120,89,2,4,3433,596,5,5557,645,9,4109,4328,106,112,253,657,1214,50,14,134,98,106,239,616,1159,50,14,8,4,11,28,30,0,0,0,2,3,13,25,0,0,2406,127979,194004,4014480,201520,708380,774490,12835,159,2879,37,494,1360,47113,1202,28634,42,434,207,2742,114,1391081,187170,118485,374975,710451,55793,1476,528396,71,41660,2,664,935,377446,153,49490,3,675,96,23602,214,34809,2,50,1066603,2133137,40,166,0,0,1690,1695,0,0,NA,NA,NA,NA,0,NA,NA,941,NA,NA,NA,NA,72,NA,8,6,NA,NA,NA,NA,73,41,NA,NA,NA,2,NA,NA,NA,NA,8,NA,36,NA,NA,15,NA,NA,0,NA,14,2406,2173,1800,373,233,2585,168,1922,981,724,257,941,899813,315184,516373,186459,383440,128725,18711,11123,7588,9289,8819,18108,1,1,33003,1
44,4,50,CHESHIRE             ,29579,7446,0,24,14,15,0,0,0,0,0,0,1,0,0,12784,12788,2125,1882,10739,10826,2027,1955,2125,1882,18,7,14909,14670,3913,3614,416,392,5,2,4770,1165,8,7677,1672,11,6323,7168,168,166,366,561,1325,50,14,132,160,152,332,505,1204,47,13,7,10,19,26,53,0,1,1,4,15,30,68,3,0,2650,155823,193988,5975060,346970,956100,1372850,29911,497,11481,75,1583,3051,119797,2544,87053,169,2306,16,244,326,4639252,325695,624398,1022916,2666243,265239,4240,1696771,245,160012,20,7548,2484,1081596,623,196030,106,16467,411,193696,230,34783,121,6639,3226226,6058690,19,278,0,0,2845,2531,0,0,NA,NA,NA,NA,3,NA,NA,1986,NA,NA,NA,NA,254,NA,8,108,NA,NA,NA,NA,1335,56,NA,NA,NA,2,NA,NA,NA,NA,12,NA,82,NA,NA,81,NA,NA,41,NA,39,2650,2331,1690,641,319,2597,239,4518,2008,1332,676,2510,2462026,972082,1093786,443634,1368240,528448,57769,26308,31461,14891,14663,29554,1,1,33005,1
45,4,70,COOS                 ,23211,3729,0,11,15,10,1,0,0,0,0,0,7,22,13,8907,8126,3655,2523,6786,6121,2112,1999,3651,2523,13,6,12562,10649,2880,2793,842,643,1,3,3535,2442,7,4909,2725,11,4154,4729,50,67,179,444,1089,47,16,158,45,62,171,417,1030,45,16,3,3,5,17,38,2,0,2,2,3,10,21,0,0,1892,153599,146149,4072190,257610,968965,1037820,12148,303,8898,1365,39472,137,4625,5616,237694,2,40,300,6429,132,3413993,1315365,362300,709815,1026513,148050,2052,744553,126,79113,3,1150,1764,629461,40,8517,16,1912,86,21750,15,2200,2,450,1021979,2221211,21,226,0,0,2267,2111,0,0,NA,NA,NA,NA,0,NA,NA,5185,NA,NA,NA,NA,234,NA,16,74,NA,NA,NA,NA,360,7,NA,NA,NA,177,NA,NA,NA,NA,10,NA,58,NA,NA,34,NA,NA,1,NA,22,1892,1720,1092,628,172,1790,149,2837,1179,830,349,1658,2065369,730812,1313536,480689,751833,250123,43529,28740,14789,12549,10643,23192,1,1,33007,1
46,4,90,GRAFTON              ,37217,0,0,53,20,41,2,0,0,0,0,0,1,12,0,17033,16930,1776,1478,15330,15147,1680,1757,1770,1477,29,27,18809,18408,4968,4935,283,291,9,13,6553,1044,16,10661,1451,18,8294,9055,216,187,492,960,2424,90,20,140,195,174,442,881,2209,83,19,12,9,25,41,100,3,1,9,4,25,38,115,4,0,4389,303468,312976,8683580,513900,1800360,2001500,39388,920,22926,1212,26498,3799,160139,8616,292579,143,1598,549,10468,276,3322143,376345,485184,836867,1623747,169425,2742,878313,213,136952,15,6021,1556,516585,452,108696,35,3660,142,42939,319,62038,10,1422,2109124,3746173,46,454,0,0,3921,3733,0,0,NA,NA,NA,NA,0,NA,NA,2475,NA,NA,NA,NA,269,NA,11,25,NA,NA,NA,NA,344,3,NA,NA,NA,5,NA,NA,NA,NA,5,NA,70,NA,NA,20,NA,NA,0,NA,27,4389,3790,2729,1061,599,4339,455,4666,2318,1686,632,2348,3332207,1407684,1992734,835334,1339473,572350,82405,49328,33077,18780,18381,37161,1,1,33009,1
47,4,110,HILLSBOROUGH         ,93247,63437,44126,105,119,124,18,5,0,0,0,0,5,0,5,30793,32694,13257,16503,21875,23519,8865,9122,13238,16500,72,56,44050,49197,9531,9586,3743,4823,20,17,12044,7256,40,17563,9141,46,15887,20149,243,269,687,1037,1591,46,8,109,212,248,617,936,1466,44,7,26,18,57,64,76,0,1,5,3,13,37,49,2,0,3881,214143,208705,9439180,498290,1278070,2277980,45482,604,13097,31,408,3379,151914,962,25086,172,1891,41,632,850,33612548,2672405,4189631,9583580,17166932,1656585,24649,9643937,846,757575,200,89691,11789,5176938,9105,2709999,675,102201,972,510698,1039,296066,23,769,19750363,34281011,42,459,0,0,6316,5727,7,4,NA,NA,NA,NA,69,NA,NA,18864,NA,NA,NA,NA,1368,NA,57,991,NA,NA,NA,NA,6455,27,NA,NA,NA,14,NA,NA,NA,NA,95,NA,868,NA,NA,768,NA,NA,17,NA,167,3881,3408,2631,777,473,2743,248,16268,4824,3507,1317,11444,5840853,2223642,1890994,740672,3949859,1482970,131591,43558,88033,43978,49141,93119,1,1,33011,1
48,4,130,MERRIMACK            ,49435,21089,0,182,158,96,7,1,0,1,0,0,1,8,0,20490,20835,4315,3795,17532,17872,2885,2909,4286,3760,102,89,24805,24630,5914,5558,1008,966,42,40,8018,2515,34,12731,3170,52,10624,11750,219,245,658,1045,1742,56,17,123,195,225,613,967,1609,52,15,14,14,24,31,52,2,0,10,6,21,47,81,2,2,3982,232327,255538,8954780,516350,1340030,1896730,28978,584,12496,96,1327,4256,178546,2585,69386,178,1594,384,6370,363,7893762,754974,1167500,2320062,3651226,522334,6752,2733859,387,313031,40,20397,3864,1585359,1092,297389,164,25634,628,331034,577,161015,0,0,5714236,9727650,35,386,0,0,3813,3672,2,2,NA,NA,NA,NA,14,NA,NA,5218,NA,NA,NA,NA,708,NA,47,58,NA,NA,NA,NA,1497,142,NA,NA,NA,6,NA,NA,NA,NA,28,NA,194,NA,NA,129,NA,NA,5,NA,64,3982,3544,2968,576,438,4006,328,7768,3093,2418,675,4675,2544336,923607,1008684,371110,1535652,552497,54765,21852,32913,24703,24541,49244,1,1,33013,1
49,4,150,ROCKINGHAM           ,49650,14111,0,98,189,153,11,8,0,0,0,0,0,15,1,21670,21896,3242,2842,19196,19475,2432,2373,3227,2838,57,52,24912,24738,6016,5764,711,577,18,18,8644,1868,33,13847,2456,36,11090,12189,439,479,1134,1196,1132,19,3,73,402,435,1054,1082,1058,17,3,29,31,57,75,47,2,0,8,13,23,39,27,0,0,4402,179402,140716,12812200,557270,1454050,1904200,31957,362,7224,21,271,2509,105236,452,11175,107,1206,76,1139,387,6941206,1567630,1537442,1720033,2116101,259530,4927,1925935,251,158857,60,20816,2646,1074315,956,307295,38,6466,613,258703,307,85012,56,14471,3662819,6667243,33,304,0,0,3848,3661,5,4,NA,NA,NA,NA,6,NA,NA,2884,NA,NA,NA,NA,844,NA,55,217,NA,NA,NA,NA,1671,18,NA,NA,NA,11,NA,NA,NA,NA,9,NA,199,NA,NA,92,NA,NA,3,NA,75,4402,4000,3488,512,402,4819,447,7787,3425,2751,674,4362,2742227,1011000,1191270,408363,1550957,602637,59523,23967,35556,24855,24686,49541,1,1,33015,1
50,4,170,STRAFFORD            ,38442,26393,0,34,47,44,12,0,0,0,0,0,0,0,0,14380,15046,4414,4602,11643,12157,2722,2875,4400,4599,29,17,18794,19648,4295,4301,1217,1310,6,2,5872,2514,18,8595,3062,23,7722,8668,127,134,369,535,617,13,4,92,114,124,349,498,587,13,4,8,7,12,22,15,0,0,5,3,8,15,15,0,0,1799,72514,92331,4354350,234810,523110,873750,17460,268,5513,13,419,1046,47476,257,6996,67,811,75,1244,409,13364411,839423,1742488,3902428,6880072,857940,11165,4047839,306,242619,70,27646,5578,2255177,3003,840048,235,36543,1213,452222,717,185429,43,8155,7728406,14158338,24,199,0,0,2901,2799,4,3,NA,NA,NA,NA,4,NA,NA,5293,NA,NA,NA,NA,728,NA,8,84,NA,NA,NA,NA,2530,10,NA,NA,NA,26,NA,NA,NA,NA,6,NA,265,NA,NA,20,NA,NA,10,NA,32,1799,1660,1440,220,139,2822,196,6869,2481,1979,502,4388,1605234,589529,526609,186085,1078625,403444,35160,11052,24108,18765,19631,38396,1,1,33017,1
51,4,190,SULLIVAN             ,17304,5565,0,26,39,43,5,0,0,0,0,0,0,0,1,7499,7956,908,941,6682,7037,798,913,903,940,24,7,8407,8897,2128,2259,219,251,10,1,2750,431,12,4734,655,14,3964,4356,94,96,252,415,1140,29,6,134,81,87,220,374,1022,26,6,10,5,23,27,53,1,0,3,4,9,14,65,2,0,2032,155405,116855,3757250,239540,799450,926770,16586,967,21789,225,4073,2779,116486,3176,98859,124,1495,138,2072,185,1992789,152040,317615,589093,934041,151395,1894,655512,162,88119,18,7706,779,298010,449,124183,77,12222,177,61281,221,62335,11,1656,1277501,2496416,17,183,0,0,1652,1569,0,0,NA,NA,NA,NA,0,NA,NA,1200,NA,NA,NA,NA,78,NA,9,56,NA,NA,NA,NA,340,1,NA,NA,NA,7,NA,NA,NA,NA,12,NA,87,NA,NA,35,NA,NA,2,NA,22,2032,1793,1225,568,239,2066,240,2324,1073,746,327,1251,1532896,615450,909524,393859,623372,221591,36273,23180,13093,8383,8890,17273,1,1,33019,1
52,4,0,NEW HAMPSHIRE        ,376530,147913,44126,614,685,580,58,14,0,2,0,0,16,63,23,150721,153469,35845,36495,125631,127998,24792,25223,35748,36448,395,295,186566,189964,44259,43446,8896,9779,124,107,59067,20618,193,91909,25980,246,76665,87348,1720,1824,4644,7357,13074,423,109,119,1551,1675,4271,6735,12091,400,104,121,104,244,346,483,10,3,48,45,129,276,500,13,2,29151,1727387,1731631,66162600,3594850,10450125,13761050,246293,4934,112378,3117,75048,23746,988806,26618,892243,1056,11962,2027,35192,3229,79375160,8392436,10884979,21933519,38164226,4363192,63361,24248054,2798,2127654,452,193110,32762,13632029,16326,4774664,1387,212720,4747,2074694,4607,1198685,282,34498,47754152,85770549,296,2808,0,0,30865,28917,18,13,6,14,11,13,96,7,3,46321,4,74,19,64,4759,1,222,1631,0,10,19,17,14890,312,8,0,9,251,NA,6,30,25,188,2,1906,12,8,1210,62,22,79,21,475,29151,25969,20310,5659,3182,29566,2615,58197,22853,17071,5782,35344,24482907,9264183,10976087,4219278,13506820,5044905,548003,249485,298518,186171,189669,375840,1,1,33000,2
59,6,10,ADDISON              ,22277,0,0,78,125,106,NA,NA,NA,0,0,0,1,0,0,10256,10028,1091,902,8004,7897,2204,2102,1090,901,49,30,11347,10930,3491,3203,77,54,19,11,3801,342,16,5701,997,24,4892,5094,99,129,323,593,1445,49,7,139,88,114,295,515,1204,42,7,7,8,17,52,90,2,0,4,7,11,26,151,5,0,2645,277478,89675,8417700,432110,1665920,1797760,5897,2686,63983,789,12773,3477,129002,17840,463605,527,6951,1097,19830,149,840124,131635,161610,224360,322519,42777,794,262318,130,58314,0,0,555,186628,19,4914,8,1232,82,11230,0,0,0,0,646608,1075640,31,289,0,0,2504,2118,7,4,NA,NA,NA,NA,NA,NA,NA,1321,NA,NA,NA,NA,79,NA,6,40,NA,NA,NA,NA,478,0,NA,NA,NA,NA,1,NA,NA,NA,5,NA,30,NA,NA,14,0,NA,1,NA,18,2645,2189,1302,887,456,2403,411,2449,1263,840,423,1186,3415952,1425557,2721308,1180011,694644,245546,84506,69881,14625,11298,10900,22198,1,1,50001,1
60,6,30,BENNINGTON           ,20448,3971,0,139,151,149,2,0,0,0,0,0,0,1,0,9165,8838,1279,1166,7389,7041,1697,1737,1277,1166,81,60,10444,10004,3209,2846,184,171,18,13,3423,575,42,4933,1081,56,4454,4653,71,95,194,350,936,39,12,148,67,86,179,305,783,34,11,3,5,6,23,47,2,0,1,4,9,22,106,3,1,1697,117069,134444,4833930,228780,867910,1044800,13434,318,9159,1217,18641,3026,109047,5559,180426,628,8665,9,135,193,3192209,363701,613757,934735,1280016,159054,2352,861665,137,80412,1,400,1447,548177,449,140357,57,9116,80,29532,161,52471,20,1200,1845354,3338568,30,198,0,0,2224,1973,10,12,NA,NA,NA,NA,NA,NA,NA,894,NA,NA,NA,NA,162,NA,13,142,NA,NA,NA,NA,1038,32,NA,NA,NA,NA,23,NA,NA,NA,7,NA,40,NA,NA,52,7,NA,5,NA,30,1697,1416,869,547,281,1403,230,2956,1240,842,398,1716,2363404,910578,1558519,612021,804885,298557,52694,35151,17543,10363,9944,20307,1,1,50003,1
61,6,50,CALEDONIA            ,23436,3857,0,24,16,15,4,0,0,0,0,0,0,1,0,10170,9846,1854,1566,8258,8044,1903,1792,1847,1564,16,12,12024,11412,3287,3081,310,271,5,2,3825,1090,10,5870,1502,10,5024,5596,81,133,272,492,1458,14,3,132,76,121,258,457,1335,13,3,4,6,9,21,69,0,0,1,6,5,14,54,1,0,2453,177632,146487,4897750,399490,1193260,1609000,25862,1270,37998,1532,40696,1405,64014,6150,231764,24,401,1136,24725,159,1696665,327825,268425,483356,617059,54701,1058,407099,95,63106,3,1100,881,319002,6,1856,4,650,40,14640,29,6745,0,0,854645,1595890,23,329,0,0,2155,2051,2,1,NA,NA,NA,NA,NA,NA,NA,2678,NA,NA,NA,NA,148,NA,5,39,NA,NA,NA,NA,279,50,NA,NA,NA,NA,9,NA,NA,NA,1,NA,172,NA,NA,21,4,NA,1,NA,13,2453,2170,1183,987,283,2568,219,3143,1490,1013,477,1653,2862956,1154531,1895796,805857,967160,348674,67972,47304,20668,12008,11400,23408,1,1,50005,1
62,6,70,CHITTENDEN           ,35389,18249,0,183,208,130,8,0,0,0,0,0,8,0,0,14188,14678,3277,3246,8776,9067,5321,5517,3269,3240,99,100,17465,17924,5387,5299,432,456,34,41,5486,1410,39,6931,2785,54,6738,7430,196,136,284,470,1094,31,7,131,166,121,253,400,824,23,6,25,11,27,48,112,2,0,5,4,4,22,158,6,1,2218,185315,104270,8134950,372500,1282950,1691470,14952,1460,31586,875,12257,3576,115040,9869,291296,895,9753,417,7483,284,5713443,426925,857110,1211157,3218251,623969,3541,1472944,353,271924,31,13512,2279,957788,537,133197,149,22416,85,42173,105,31634,2,300,3784132,6542345,44,254,0,0,2924,2757,4,8,NA,NA,NA,NA,NA,NA,NA,4183,NA,NA,NA,NA,248,NA,34,254,NA,NA,NA,NA,1510,3,NA,NA,NA,NA,9,NA,NA,NA,76,NA,84,NA,NA,23,10,NA,5,NA,84,2218,1789,1032,757,429,1986,367,5212,2307,1329,978,2905,5254284,1978870,2875663,1153278,2378621,825592,116849,67889,48960,17366,17824,35190,1,1,50007,1
63,6,90,ESSEX                ,9511,0,0,7,10,3,0,0,0,0,0,0,13,5,3,3536,3129,1695,1151,2504,2203,1027,918,1689,1150,11,9,5231,4280,1323,1165,520,317,2,2,1227,1008,4,1710,1123,8,1720,1917,17,30,69,205,557,21,6,156,16,30,63,195,525,19,6,0,0,2,3,13,0,0,1,0,4,7,19,2,0,905,68558,72626,1689890,108070,424620,460520,3583,175,4580,590,16286,184,7349,2790,103621,6,68,244,5226,45,1478362,422860,133647,357445,564410,64225,902,272088,36,20013,1,500,817,243340,4,490,10,800,33,6685,1,260,0,0,838369,1377936,8,122,0,0,903,959,0,0,NA,NA,NA,NA,NA,NA,NA,1794,NA,NA,NA,NA,852,NA,1,11,NA,NA,NA,NA,134,1,NA,NA,NA,NA,14,NA,NA,NA,0,NA,20,NA,NA,14,0,NA,0,NA,5,905,784,421,363,121,695,57,1012,404,281,123,608,769796,292361,602687,238589,167109,53772,17394,14158,3236,5220,4271,9491,1,1,50009,1
64,6,110,FRANKLIN             ,29755,0,0,84,94,98,4,0,0,0,0,0,0,0,0,12454,12246,2623,2432,8367,8231,4045,3976,2618,2430,47,41,15077,14678,4658,4393,423,412,15,19,4647,1164,21,6234,2140,26,5908,6332,107,141,241,428,1449,32,3,141,92,124,206,347,1035,19,2,11,13,26,47,175,6,0,4,4,9,34,239,7,1,2401,202492,135943,8429880,400850,1372350,1940240,9531,1963,46494,433,5834,2671,102678,9761,323222,132,1831,538,11180,181,1471131,135591,254420,416000,665120,74154,1182,405185,158,73723,1,300,861,291638,58,10433,16,2050,40,17425,48,9616,0,0,1148446,1944302,35,311,0,0,3342,2912,0,0,NA,NA,NA,NA,NA,NA,NA,3984,NA,NA,NA,NA,248,NA,11,33,NA,NA,NA,NA,672,4,NA,NA,NA,NA,2,NA,NA,NA,0,NA,53,NA,NA,10,7,NA,7,NA,24,2401,1779,990,789,622,2178,403,3931,1786,1190,596,2145,4098060,1614881,2886077,1198777,1211983,416104,95706,71271,24435,15030,14637,29667,1,1,50011,1
65,6,130,GRAND ISLE           ,3843,0,0,6,12,5,0,0,0,0,0,0,0,2,6,1690,1606,286,261,1064,1012,621,593,286,261,5,1,1976,1867,650,603,38,36,4,0,602,124,1,803,241,1,776,820,30,36,75,116,202,2,0,102,21,31,59,90,143,2,0,5,2,6,10,9,0,0,4,3,10,16,50,0,0,461,38043,9207,1747750,73350,260230,298770,1042,361,6422,1025,13027,954,31509,4668,121070,91,1096,349,5864,10,9464,605,2032,2827,4000,240,10,3080,7,2172,1,208,2,700,0,0,0,0,0,0,0,0,0,0,9309,15012,7,32,0,0,571,516,0,0,NA,NA,NA,NA,NA,NA,NA,473,NA,NA,NA,NA,17,NA,5,11,NA,NA,NA,NA,27,0,NA,NA,NA,NA,0,NA,NA,NA,0,NA,12,NA,NA,1,1,NA,0,NA,0,461,331,168,163,130,383,123,359,155,121,34,204,672436,278128,626869,261021,45567,17107,16794,15768,1026,1971,1866,3837,1,1,50013,1
66,6,150,LAMOILLE             ,12831,0,0,8,6,5,0,0,0,0,0,0,0,0,5,6074,5924,452,381,5272,5175,798,745,452,381,4,4,6526,6305,1992,1900,63,48,1,2,2388,218,3,3555,382,3,2765,2936,59,84,221,428,859,16,4,119,44,72,185,368,683,15,3,4,7,17,36,74,0,0,11,5,19,24,102,1,1,1671,112515,86348,3197950,247510,632300,891590,8188,868,25211,284,6663,1292,52833,3375,134346,24,355,451,7878,142,911253,152805,93400,233040,432008,37854,899,226058,90,34781,1,300,746,177147,5,1000,0,0,57,12830,0,0,0,0,618021,1072211,34,177,0,0,1448,1355,2,1,NA,NA,NA,NA,NA,NA,NA,569,NA,NA,NA,NA,90,NA,0,14,NA,NA,NA,NA,99,23,NA,NA,NA,NA,1,NA,NA,NA,0,NA,18,NA,NA,6,1,NA,0,NA,12,1671,1338,633,705,333,1397,340,1265,624,359,265,641,1758283,629898,1410297,512329,347986,117569,37642,30587,7055,6522,6301,12823,1,1,50015,1
67,6,170,ORANGE               ,19575,0,0,15,17,13,2,0,0,0,0,0,0,0,0,9368,9107,589,511,8620,8422,739,679,587,511,11,6,9957,9618,2635,2506,93,86,5,3,3368,278,5,5902,482,6,4676,4988,96,112,270,631,1796,21,2,132,82,101,231,548,1540,20,2,11,6,18,34,94,0,0,3,5,21,49,162,1,0,2928,253651,133074,5403680,426150,1441850,1708620,24891,1348,34881,2811,62098,4488,188676,6607,213658,60,769,1162,19900,157,760092,77872,130410,218067,333743,37893,685,232648,93,42087,1,624,545,180336,17,3851,2,400,13,4150,14,1200,0,0,570634,1087763,50,288,0,0,1969,1865,0,0,NA,NA,NA,NA,NA,NA,NA,621,NA,NA,NA,NA,151,NA,8,24,NA,NA,NA,NA,149,7,NA,NA,NA,NA,2,NA,NA,NA,5,NA,84,NA,NA,20,1,NA,4,NA,24,2928,2484,1547,937,444,3068,392,2060,1057,718,339,1003,2222156,958954,1658509,707353,563647,251601,55778,41074,14704,9946,9612,19558,1,1,50017,1
68,6,190,ORLEANS              ,22101,0,0,12,23,29,0,0,0,0,0,0,1,0,0,9195,8638,2195,2073,6800,6409,2389,2224,2193,2073,8,5,11390,10711,3141,2908,456,432,3,3,3272,1045,4,5020,1682,5,4829,5119,101,131,313,683,1615,19,1,123,93,120,289,614,1410,17,1,7,8,11,45,90,0,0,1,3,13,24,115,2,0,2863,200002,153017,5731870,374530,1375060,1776680,19266,2334,65690,585,14350,975,37894,8577,321911,59,1194,1373,32284,184,1636269,222890,197355,377469,838555,56182,1142,381737,127,62472,1,400,939,297075,23,5000,10,1800,36,13178,6,1812,0,0,1007417,1709118,50,303,0,0,2476,2520,0,0,NA,NA,NA,NA,NA,NA,NA,3465,NA,NA,NA,NA,301,NA,42,7,NA,NA,NA,NA,277,0,NA,NA,NA,NA,2,NA,NA,NA,0,NA,146,NA,NA,8,4,NA,5,NA,11,2863,2434,1138,1296,429,2561,337,2256,1127,619,508,1129,3557423,1478750,2713752,1150677,843671,328073,87775,68226,19549,11382,10706,22088,1,1,50019,1
69,6,210,RUTLAND              ,45397,8239,0,182,174,182,7,0,0,1,0,0,0,2,0,19247,18864,4024,3262,13277,12993,5880,5782,4013,3262,101,89,23271,22126,6810,6495,445,372,29,42,7692,1949,51,10292,3523,64,9081,10024,132,146,302,526,1646,67,8,151,114,130,270,454,1299,49,5,16,11,20,43,121,5,3,2,5,12,29,226,13,0,2827,269451,158156,9158510,426410,1721860,1823910,17204,981,24836,670,10549,5247,233596,8337,267575,471,6252,188,3047,464,3722772,483305,667195,787140,1785132,275129,4075,1787723,438,303445,45,20098,2945,1259535,326,113406,43,6205,183,76605,85,7929,10,500,3139968,5852318,45,404,0,0,4254,4403,10,16,NA,NA,NA,NA,NA,NA,NA,2112,NA,NA,NA,NA,343,NA,34,111,NA,NA,NA,NA,2820,220,NA,NA,NA,NA,18,NA,NA,NA,33,NA,74,NA,NA,535,7,NA,920,NA,59,2827,2251,1208,1043,576,2633,460,7197,3055,1718,1337,4142,6314953,2450190,3240986,1266937,3073967,1183253,145568,75068,70500,23170,22037,45207,1,1,50021,1
70,6,230,WASHINGTON           ,29606,7763,0,26,34,29,1,0,0,0,0,0,3,0,0,13038,12664,2380,1524,10861,10618,2159,2035,2379,1524,19,11,15418,14188,3867,3799,354,280,7,5,5350,1474,7,7938,1973,12,6112,6748,108,148,313,713,1595,10,7,123,99,130,270,614,1332,8,7,8,12,34,61,149,2,0,1,6,9,38,114,0,0,2894,204321,151135,5797450,408150,1339700,1919800,24190,1253,36534,809,20123,3035,138578,6963,289167,17,191,696,14868,389,2538609,394520,331305,483829,1328955,130027,3015,1545489,348,252471,30,12436,2322,1189665,119,28338,0,0,133,43681,57,17728,6,1170,1496433,3876301,49,337,0,0,2859,2801,3,3,NA,NA,NA,NA,NA,NA,NA,1647,NA,NA,NA,NA,186,NA,10,64,NA,NA,NA,NA,898,93,NA,NA,NA,NA,9,NA,NA,NA,10,NA,904,NA,NA,33,15,NA,5,NA,30,2894,2353,1219,1134,541,2792,437,3854,1728,1091,637,2126,3563560,1546646,2264485,1041473,1299075,505173,90735,60703,30032,15399,14177,29576,1,1,50023,1
71,6,250,WINDHAM              ,26547,8559,0,103,90,50,1,0,0,0,0,0,0,0,0,12309,12194,1043,1001,11048,10970,1209,1173,1042,1001,53,51,13352,13195,3619,3378,149,137,13,17,4715,569,21,7647,883,30,5527,6462,106,119,302,548,1742,36,4,142,95,109,263,489,1546,31,4,8,9,24,32,79,2,0,3,1,15,27,117,3,0,2857,208699,196314,5363800,367600,1252440,1483400,21634,547,12150,237,4070,4020,157226,3662,113523,237,2757,42,580,331,4941041,200430,651735,1309870,2779006,402165,2754,1254332,327,189315,19,9186,1789,821286,186,57756,20,3440,331,148514,82,24835,0,0,2350052,4788320,68,344,0,0,2649,2432,7,9,NA,NA,NA,NA,NA,NA,NA,639,NA,NA,NA,NA,182,NA,3,96,NA,NA,NA,NA,877,9,NA,NA,NA,NA,6,NA,NA,NA,14,NA,57,NA,NA,108,7,NA,5,NA,41,2857,2455,1512,943,402,2831,393,3605,1541,973,568,2064,3079932,1209910,1650494,681614,1429438,528296,71549,40126,31423,13299,13144,26443,1,1,50025,1
72,6,270,WINDSOR              ,31706,0,0,70,97,110,3,0,0,0,0,0,8,0,0,14870,15012,979,845,13420,13503,1410,1474,974,844,45,36,15849,15857,4454,4212,106,87,12,10,5436,478,23,9191,848,29,7315,7750,118,151,326,819,2295,39,5,136,109,133,285,708,1979,30,5,7,11,31,70,152,5,0,2,7,10,41,164,4,0,3753,340717,169007,7622380,468060,1813870,1918420,27723,863,21237,1572,33849,7440,333246,7424,260957,208,2973,695,11720,343,3851857,266003,632665,1183994,1769195,230456,2485,984183,290,151200,11,4497,1667,667188,396,126081,24,4043,77,26927,12,3247,8,1000,2123786,4064342,54,484,0,0,3352,3208,2,7,NA,NA,NA,NA,NA,NA,NA,624,NA,NA,NA,NA,511,NA,3,31,NA,NA,NA,NA,552,3,NA,NA,NA,NA,0,NA,NA,NA,2,NA,36,NA,NA,25,6,NA,1,NA,30,3753,3062,1713,1349,691,3862,593,3997,1972,1370,602,2025,3445547,1513406,2515451,1142553,930096,370853,88222,66113,22109,15804,15821,31625,1,1,50027,1
73,6,0,VERMONT              ,332422,50638,0,937,1057,924,32,0,0,1,0,0,34,11,14,145560,142774,23767,20321,113660,111585,31402,30747,23716,20308,549,455,169327,163095,48523,45788,3650,3159,167,170,55232,11724,247,81727,19642,328,69817,75869,1321,1591,3505,7002,18689,396,69,135,1162,1422,3106,6104,15638,322,62,116,109,248,525,1274,26,3,43,60,151,373,1777,48,4,32573,2655943,1739703,80427490,4733560,16644320,20364980,217397,16427,420761,13429,271216,41790,1700688,101582,3316141,3379,43256,8397,164720,3031,32763291,3606967,4995066,8223289,15937969,2188826,24894,10096549,2629,1605435,146,63561,17795,7139505,2145,626679,343,52152,1190,447570,600,157477,46,4170,20433174,38340066,528,3872,0,0,33630,31870,47,61,11,2,5,6,59,12,10,25004,1,39,14,58,3518,1,175,877,1,17,35,7,9810,445,1,0,10,38,NA,3,59,30,153,1,1730,7,13,870,70,11,959,22,381,32573,26835,14935,11900,5738,30760,4762,43296,19749,12464,7285,23547,43378742,17442660,28620893,11952490,14757849,5490170,1029184,703319,325865,168778,162640,331418,1,1,50000,2
